<?xml version="1.0" encoding="UTF-8"?>
<objects serializationModel="Studio.02.03.00">
	<object class="MixerReturn" id="{a2f9562a-c6c0-4723-8c85-a97f577985e1}">
		<property name="overridingInputFormat">
			<value>2</value>
		</property>
		<property name="name">
			<value>Reverb</value>
		</property>
		<relationship name="effectChain">
			<destination>{3b592896-0aae-48dd-a480-0c01fae22dda}</destination>
		</relationship>
		<relationship name="panner">
			<destination>{8c4b87ac-faf2-47dc-952b-cd163e56839c}</destination>
		</relationship>
		<relationship name="output">
			<destination>{d35f754f-f183-44e2-ae79-62d770b25c61}</destination>
		</relationship>
	</object>
	<object class="MixerBusEffectChain" id="{3b592896-0aae-48dd-a480-0c01fae22dda}">
		<relationship name="effects">
			<destination>{623ec7ba-e12e-418d-8893-0dff6cff25cd}</destination>
			<destination>{dab8c584-b0fc-4ce0-8d25-3a4e8d4d0a6e}</destination>
		</relationship>
	</object>
	<object class="MixerBusPanner" id="{8c4b87ac-faf2-47dc-952b-cd163e56839c}" />
	<object class="SFXReverbEffect" id="{623ec7ba-e12e-418d-8893-0dff6cff25cd}">
		<property name="wetLevel">
			<value>0</value>
		</property>
		<property name="dryLevel">
			<value>-80</value>
		</property>
	</object>
	<object class="MixerBusFader" id="{dab8c584-b0fc-4ce0-8d25-3a4e8d4d0a6e}" />
</objects>
