<?xml version="1.0" encoding="UTF-8"?>
<objects serializationModel="Studio.02.03.00">
	<object class="ParameterPreset" id="{27adc26b-6946-455c-865e-d1b366c3aef6}">
		<property name="name">
			<value>zona</value>
		</property>
		<relationship name="folder">
			<destination>{7a3d9191-6f21-44d8-a46e-0639590d3bd2}</destination>
		</relationship>
		<relationship name="parameter">
			<destination>{dd97cb82-d175-40a2-80d3-0585916fcaa0}</destination>
		</relationship>
	</object>
	<object class="GameParameter" id="{dd97cb82-d175-40a2-80d3-0585916fcaa0}">
		<property name="parameterType">
			<value>2</value>
		</property>
		<property name="maximum">
			<value>3</value>
		</property>
		<property name="enumerationLabels">
			<value>Carpet</value>
			<value>Grass</value>
			<value>Wood</value>
		</property>
		<property name="initialValue">
			<value>0</value>
		</property>
	</object>
</objects>
