<?xml version="1.0" encoding="UTF-8"?>
<objects serializationModel="Studio.02.03.00">
	<object class="AudioFile" id="{0e5a6e6a-02f4-4ff4-9725-af25bb716905}">
		<property name="assetPath">
			<value>tormenta/lluvia2.ogg</value>
		</property>
		<property name="isStreaming">
			<value>true</value>
		</property>
		<property name="frequencyInKHz">
			<value>44.0999985</value>
		</property>
		<property name="channelCount">
			<value>1</value>
		</property>
		<property name="length">
			<value>83.093333333333334</value>
		</property>
		<relationship name="masterAssetFolder">
			<destination>{b4e60e84-7b50-4e11-9581-53d970faf7eb}</destination>
		</relationship>
	</object>
</objects>
