<?xml version="1.0" encoding="UTF-8"?>
<objects serializationModel="Studio.02.03.00">
	<object class="AudioFile" id="{ab09ba7e-3743-4bd1-a2e4-3df7ddbe06ee}">
		<property name="assetPath">
			<value>tormenta/lluvia4.ogg</value>
		</property>
		<property name="isStreaming">
			<value>true</value>
		</property>
		<property name="frequencyInKHz">
			<value>44.0999985</value>
		</property>
		<property name="channelCount">
			<value>1</value>
		</property>
		<property name="length">
			<value>55.80800453514739</value>
		</property>
		<relationship name="masterAssetFolder">
			<destination>{b4e60e84-7b50-4e11-9581-53d970faf7eb}</destination>
		</relationship>
	</object>
</objects>
