<?xml version="1.0" encoding="UTF-8"?>
<objects serializationModel="Studio.02.03.00">
	<object class="AudioFile" id="{e7d836ec-5bdd-42b3-a644-bfdfbdc0f0b8}">
		<property name="assetPath">
			<value>motores/1121.ogg</value>
		</property>
		<property name="frequencyInKHz">
			<value>48</value>
		</property>
		<property name="channelCount">
			<value>1</value>
		</property>
		<property name="length">
			<value>0.90245833333333336</value>
		</property>
		<relationship name="masterAssetFolder">
			<destination>{b4e60e84-7b50-4e11-9581-53d970faf7eb}</destination>
		</relationship>
	</object>
</objects>
