<?xml version="1.0" encoding="UTF-8"?>
<objects serializationModel="Studio.02.03.00">
	<object class="Event" id="{959aa0e5-facc-4c2a-a2b5-ff9e8900e89c}">
		<property name="name">
			<value>Tormenta⛈️</value>
		</property>
		<property name="outputFormat">
			<value>5</value>
		</property>
		<relationship name="folder">
			<destination>{c8978556-a4f1-4390-b6e9-cb3dbcebca36}</destination>
		</relationship>
		<relationship name="mixer">
			<destination>{87ace126-1c8d-4055-a236-f2505d4ab6a4}</destination>
		</relationship>
		<relationship name="masterTrack">
			<destination>{af4b01f0-5022-4c15-a288-2cf9e16e953a}</destination>
		</relationship>
		<relationship name="mixerInput">
			<destination>{3578b2e4-80db-4a13-acdc-f07152e681ec}</destination>
		</relationship>
		<relationship name="automatableProperties">
			<destination>{dfa1707c-86cb-4524-87a5-10f82a1f859f}</destination>
		</relationship>
		<relationship name="markerTracks">
			<destination>{2a0831c4-41fd-496f-b5e2-7cad06b992b2}</destination>
		</relationship>
		<relationship name="groupTracks">
			<destination>{9398eb4d-8dcf-4c52-aa6d-77c2ed3ea1ab}</destination>
			<destination>{5f7fe0a2-0459-4888-a938-b78cc93e86e8}</destination>
			<destination>{cd244636-80ff-4f9c-a098-ba45e32ceff7}</destination>
			<destination>{77367bcb-cbb8-4dea-88c2-87ffc02aae1b}</destination>
			<destination>{2b403140-d753-4a00-b342-c9282317e0bc}</destination>
			<destination>{8c837df0-8457-4406-af21-168ceed77e23}</destination>
		</relationship>
		<relationship name="timeline">
			<destination>{16b9f00a-b501-4e7b-abb1-ce489a888de9}</destination>
		</relationship>
	</object>
	<object class="EventMixer" id="{87ace126-1c8d-4055-a236-f2505d4ab6a4}">
		<relationship name="masterBus">
			<destination>{12f148f0-a38d-455f-b96f-b6d78fca075b}</destination>
		</relationship>
	</object>
	<object class="MasterTrack" id="{af4b01f0-5022-4c15-a288-2cf9e16e953a}">
		<relationship name="automationTracks">
			<destination>{471bf3bf-88c8-4924-8489-ea0a443b0c9a}</destination>
		</relationship>
		<relationship name="mixerGroup">
			<destination>{12f148f0-a38d-455f-b96f-b6d78fca075b}</destination>
		</relationship>
	</object>
	<object class="MixerInput" id="{3578b2e4-80db-4a13-acdc-f07152e681ec}">
		<relationship name="effectChain">
			<destination>{4949e11c-636c-44b0-b8a4-cfa5564412ca}</destination>
		</relationship>
		<relationship name="panner">
			<destination>{43a929b6-ba88-44c2-b1aa-1fb0dc3152ee}</destination>
		</relationship>
		<relationship name="output">
			<destination>{d35f754f-f183-44e2-ae79-62d770b25c61}</destination>
		</relationship>
	</object>
	<object class="EventAutomatableProperties" id="{dfa1707c-86cb-4524-87a5-10f82a1f859f}" />
	<object class="MarkerTrack" id="{2a0831c4-41fd-496f-b5e2-7cad06b992b2}" />
	<object class="GroupTrack" id="{9398eb4d-8dcf-4c52-aa6d-77c2ed3ea1ab}">
		<relationship name="automationTracks">
			<destination>{2f8f7cba-f054-453f-9b3e-5f3e29a80989}</destination>
		</relationship>
		<relationship name="modules">
			<destination>{639b222a-983c-4e68-a53a-f1055e8df7fc}</destination>
		</relationship>
		<relationship name="mixerGroup">
			<destination>{f66ec764-82f3-46b6-aa85-b779e6fd7d81}</destination>
		</relationship>
	</object>
	<object class="GroupTrack" id="{5f7fe0a2-0459-4888-a938-b78cc93e86e8}">
		<relationship name="automationTracks">
			<destination>{667af41f-7970-425c-834e-f124d93fb1e2}</destination>
		</relationship>
		<relationship name="modules">
			<destination>{de9cb445-372f-4ac7-aaff-eb539ab720f8}</destination>
		</relationship>
		<relationship name="mixerGroup">
			<destination>{57df170b-aa1d-4a48-a947-e4b0104fa418}</destination>
		</relationship>
	</object>
	<object class="GroupTrack" id="{cd244636-80ff-4f9c-a098-ba45e32ceff7}">
		<relationship name="automationTracks">
			<destination>{97b07f6f-d66b-49ec-8fef-86940f95e53c}</destination>
		</relationship>
		<relationship name="modules">
			<destination>{d97edec8-d552-42c1-9339-00fdbbc05ae4}</destination>
		</relationship>
		<relationship name="mixerGroup">
			<destination>{78164e00-37f0-4fef-862a-ff030a865181}</destination>
		</relationship>
	</object>
	<object class="GroupTrack" id="{77367bcb-cbb8-4dea-88c2-87ffc02aae1b}">
		<relationship name="automationTracks">
			<destination>{01ab97fd-b355-4550-a1a2-039b9d2de754}</destination>
		</relationship>
		<relationship name="modules">
			<destination>{cec242c9-362c-42f6-b2ca-f68f8003e273}</destination>
		</relationship>
		<relationship name="mixerGroup">
			<destination>{b1bc976a-a982-4675-94c4-78c13a488b9e}</destination>
		</relationship>
	</object>
	<object class="GroupTrack" id="{2b403140-d753-4a00-b342-c9282317e0bc}">
		<relationship name="automationTracks">
			<destination>{a4cb9d14-2f77-4401-a507-a57a3df18ced}</destination>
		</relationship>
		<relationship name="modules">
			<destination>{753137d6-58e6-4ad2-8d34-7c661cffea00}</destination>
		</relationship>
		<relationship name="mixerGroup">
			<destination>{7691a26b-a976-4cb3-9a84-0eec456f3403}</destination>
		</relationship>
	</object>
	<object class="GroupTrack" id="{8c837df0-8457-4406-af21-168ceed77e23}">
		<relationship name="automationTracks">
			<destination>{ce5f9ca9-2b94-4235-b476-a812ff2c51ee}</destination>
			<destination>{b563ca68-e24a-452f-940f-35750e370515}</destination>
		</relationship>
		<relationship name="mixerGroup">
			<destination>{08cdbb43-a40d-40a3-99d8-5ce0f882c287}</destination>
		</relationship>
	</object>
	<object class="Timeline" id="{16b9f00a-b501-4e7b-abb1-ce489a888de9}">
		<relationship name="modules">
			<destination>{639b222a-983c-4e68-a53a-f1055e8df7fc}</destination>
			<destination>{d97edec8-d552-42c1-9339-00fdbbc05ae4}</destination>
			<destination>{cec242c9-362c-42f6-b2ca-f68f8003e273}</destination>
			<destination>{de9cb445-372f-4ac7-aaff-eb539ab720f8}</destination>
			<destination>{753137d6-58e6-4ad2-8d34-7c661cffea00}</destination>
		</relationship>
	</object>
	<object class="EventMixerMaster" id="{12f148f0-a38d-455f-b96f-b6d78fca075b}">
		<relationship name="automators">
			<destination>{865e2996-b988-4417-9361-f1672d2ae0bb}</destination>
		</relationship>
		<relationship name="effectChain">
			<destination>{2afd8c29-c5d1-4c9f-a879-c24a36559d20}</destination>
		</relationship>
		<relationship name="panner">
			<destination>{305bcdc1-ea13-4efc-810d-995a93ed48a8}</destination>
		</relationship>
		<relationship name="mixer">
			<destination>{87ace126-1c8d-4055-a236-f2505d4ab6a4}</destination>
		</relationship>
	</object>
	<object class="AutomationTrack" id="{471bf3bf-88c8-4924-8489-ea0a443b0c9a}">
		<relationship name="automator">
			<destination>{865e2996-b988-4417-9361-f1672d2ae0bb}</destination>
		</relationship>
	</object>
	<object class="MixerBusEffectChain" id="{4949e11c-636c-44b0-b8a4-cfa5564412ca}">
		<relationship name="effects">
			<destination>{6c09c4f4-042f-4634-b4c1-0d621e855e78}</destination>
		</relationship>
	</object>
	<object class="MixerBusPanner" id="{43a929b6-ba88-44c2-b1aa-1fb0dc3152ee}" />
	<object class="AutomationTrack" id="{2f8f7cba-f054-453f-9b3e-5f3e29a80989}">
		<relationship name="automator">
			<destination>{01a63c39-b3d7-4eaf-a4d4-2c5aabe45dc5}</destination>
		</relationship>
	</object>
	<object class="SoundScatterer" id="{639b222a-983c-4e68-a53a-f1055e8df7fc}">
		<property name="length">
			<value>20</value>
		</property>
		<relationship name="automators">
			<destination>{01a63c39-b3d7-4eaf-a4d4-2c5aabe45dc5}</destination>
		</relationship>
		<relationship name="sound">
			<destination>{b93b2b75-ea22-4124-932d-a0c6d20e99e8}</destination>
		</relationship>
	</object>
	<object class="EventMixerGroup" id="{f66ec764-82f3-46b6-aa85-b779e6fd7d81}">
		<property name="name">
			<value>truenos</value>
		</property>
		<relationship name="effectChain">
			<destination>{dfb55320-c008-4c11-857c-92eecbefcffb}</destination>
		</relationship>
		<relationship name="panner">
			<destination>{131e3017-edff-454b-af53-0a6b9fa893f1}</destination>
		</relationship>
		<relationship name="output">
			<destination>{08cdbb43-a40d-40a3-99d8-5ce0f882c287}</destination>
		</relationship>
	</object>
	<object class="AutomationTrack" id="{667af41f-7970-425c-834e-f124d93fb1e2}">
		<relationship name="automator">
			<destination>{d8bd8cc3-8ca1-46fe-90e8-78ebf3903089}</destination>
		</relationship>
	</object>
	<object class="SingleSound" id="{de9cb445-372f-4ac7-aaff-eb539ab720f8}">
		<property name="length">
			<value>55.80800453514739</value>
		</property>
		<relationship name="audioFile">
			<destination>{ab09ba7e-3743-4bd1-a2e4-3df7ddbe06ee}</destination>
		</relationship>
	</object>
	<object class="EventMixerGroup" id="{57df170b-aa1d-4a48-a947-e4b0104fa418}">
		<property name="name">
			<value>low intensity</value>
		</property>
		<relationship name="automators">
			<destination>{d8bd8cc3-8ca1-46fe-90e8-78ebf3903089}</destination>
		</relationship>
		<relationship name="effectChain">
			<destination>{b4c9febf-0efc-4cd7-ba42-f603071a3cf4}</destination>
		</relationship>
		<relationship name="panner">
			<destination>{62e5ec48-deb7-48ff-9577-f70fc49d4756}</destination>
		</relationship>
		<relationship name="output">
			<destination>{08cdbb43-a40d-40a3-99d8-5ce0f882c287}</destination>
		</relationship>
	</object>
	<object class="AutomationTrack" id="{97b07f6f-d66b-49ec-8fef-86940f95e53c}">
		<relationship name="automator">
			<destination>{736facd2-fb2d-4515-8ef9-c480ab6b7c89}</destination>
		</relationship>
	</object>
	<object class="SingleSound" id="{d97edec8-d552-42c1-9339-00fdbbc05ae4}">
		<property name="length">
			<value>60.929160997732424</value>
		</property>
		<relationship name="audioFile">
			<destination>{010f7fb3-2f9b-4d79-9afc-1173f53d3c85}</destination>
		</relationship>
	</object>
	<object class="EventMixerGroup" id="{78164e00-37f0-4fef-862a-ff030a865181}">
		<property name="name">
			<value>mid intensity</value>
		</property>
		<relationship name="automators">
			<destination>{736facd2-fb2d-4515-8ef9-c480ab6b7c89}</destination>
		</relationship>
		<relationship name="effectChain">
			<destination>{68728339-c872-4b26-87e7-ed1b4f57f000}</destination>
		</relationship>
		<relationship name="panner">
			<destination>{e7bd0db5-34ca-4d95-920a-b4fec70d8528}</destination>
		</relationship>
		<relationship name="output">
			<destination>{08cdbb43-a40d-40a3-99d8-5ce0f882c287}</destination>
		</relationship>
	</object>
	<object class="AutomationTrack" id="{01ab97fd-b355-4550-a1a2-039b9d2de754}">
		<relationship name="automator">
			<destination>{d2a10e2a-5a91-41dd-b2a5-f9b0232e2052}</destination>
		</relationship>
	</object>
	<object class="SingleSound" id="{cec242c9-362c-42f6-b2ca-f68f8003e273}">
		<property name="length">
			<value>83.093333333333334</value>
		</property>
		<relationship name="audioFile">
			<destination>{0e5a6e6a-02f4-4ff4-9725-af25bb716905}</destination>
		</relationship>
	</object>
	<object class="EventMixerGroup" id="{b1bc976a-a982-4675-94c4-78c13a488b9e}">
		<property name="name">
			<value>filler intensity</value>
		</property>
		<relationship name="automators">
			<destination>{d2a10e2a-5a91-41dd-b2a5-f9b0232e2052}</destination>
		</relationship>
		<relationship name="effectChain">
			<destination>{c98dfe22-a375-4237-a5bf-f3658203a83f}</destination>
		</relationship>
		<relationship name="panner">
			<destination>{5783f471-fc43-411d-90a2-9fd93cd40bce}</destination>
		</relationship>
		<relationship name="output">
			<destination>{08cdbb43-a40d-40a3-99d8-5ce0f882c287}</destination>
		</relationship>
	</object>
	<object class="AutomationTrack" id="{a4cb9d14-2f77-4401-a507-a57a3df18ced}">
		<relationship name="automator">
			<destination>{0283df54-ca58-4362-9f91-bc3a131afe65}</destination>
		</relationship>
	</object>
	<object class="SingleSound" id="{753137d6-58e6-4ad2-8d34-7c661cffea00}">
		<property name="length">
			<value>61.67219954648526</value>
		</property>
		<property name="volume">
			<value>-2</value>
		</property>
		<relationship name="audioFile">
			<destination>{a143819f-1459-4998-9164-4fcf4b57f9bf}</destination>
		</relationship>
	</object>
	<object class="EventMixerGroup" id="{7691a26b-a976-4cb3-9a84-0eec456f3403}">
		<property name="name">
			<value>high intensity</value>
		</property>
		<relationship name="automators">
			<destination>{0283df54-ca58-4362-9f91-bc3a131afe65}</destination>
		</relationship>
		<relationship name="effectChain">
			<destination>{7366fa6f-e1d3-487b-8b57-6ad35c02723a}</destination>
		</relationship>
		<relationship name="panner">
			<destination>{efa5cad5-67d5-45c5-8c2b-e618d64e6640}</destination>
		</relationship>
		<relationship name="output">
			<destination>{08cdbb43-a40d-40a3-99d8-5ce0f882c287}</destination>
		</relationship>
	</object>
	<object class="AutomationTrack" id="{ce5f9ca9-2b94-4235-b476-a812ff2c51ee}">
		<relationship name="automator">
			<destination>{54e7a24f-4145-45ab-a1b7-ba95ac0385d1}</destination>
		</relationship>
	</object>
	<object class="AutomationTrack" id="{b563ca68-e24a-452f-940f-35750e370515}">
		<relationship name="automator">
			<destination>{bffae800-69f4-4f0e-a38b-72f82b8ec97c}</destination>
		</relationship>
	</object>
	<object class="EventMixerGroup" id="{08cdbb43-a40d-40a3-99d8-5ce0f882c287}">
		<property name="name">
			<value>effects</value>
		</property>
		<relationship name="effectChain">
			<destination>{0b5f2d1f-c23b-42e2-955e-d4d0447e38b1}</destination>
		</relationship>
		<relationship name="panner">
			<destination>{228f74a1-8ca2-4b09-836f-ae553a18d9d6}</destination>
		</relationship>
		<relationship name="output">
			<destination>{12f148f0-a38d-455f-b96f-b6d78fca075b}</destination>
		</relationship>
	</object>
	<object class="Automator" id="{865e2996-b988-4417-9361-f1672d2ae0bb}">
		<property name="nameOfPropertyBeingAutomated">
			<value>volume</value>
		</property>
		<relationship name="automationCurves">
			<destination>{0deacafc-e8b4-4e94-aad8-360972ebe66c}</destination>
		</relationship>
	</object>
	<object class="MixerBusEffectChain" id="{2afd8c29-c5d1-4c9f-a879-c24a36559d20}">
		<relationship name="effects">
			<destination>{402f73b3-8c85-405e-8990-9d6646c4f48d}</destination>
		</relationship>
	</object>
	<object class="MixerBusPanner" id="{305bcdc1-ea13-4efc-810d-995a93ed48a8}" />
	<object class="MixerBusFader" id="{6c09c4f4-042f-4634-b4c1-0d621e855e78}" />
	<object class="Automator" id="{01a63c39-b3d7-4eaf-a4d4-2c5aabe45dc5}">
		<property name="nameOfPropertyBeingAutomated">
			<value>spawnRate</value>
		</property>
		<relationship name="automationCurves">
			<destination>{8577e0df-5286-4238-9d9f-52b5ad497361}</destination>
		</relationship>
	</object>
	<object class="MultiSound" id="{b93b2b75-ea22-4124-932d-a0c6d20e99e8}">
		<relationship name="sounds">
			<destination>{a590207f-1d68-417d-9945-555f69b9ff46}</destination>
			<destination>{60653574-36cb-46f9-80c3-a07e121a0a9b}</destination>
			<destination>{7d4b8c61-f083-4cac-8d29-f5aa3baaff80}</destination>
			<destination>{500b67a3-c3eb-4e85-8658-22b7d40b30a6}</destination>
			<destination>{d360b754-b253-4083-8edd-e97f49b58277}</destination>
			<destination>{d86be071-65e5-44d7-a560-1a667a6eff2e}</destination>
		</relationship>
	</object>
	<object class="MixerBusEffectChain" id="{dfb55320-c008-4c11-857c-92eecbefcffb}">
		<relationship name="effects">
			<destination>{652835e1-87b8-44bc-885b-5377e7ffe4aa}</destination>
		</relationship>
	</object>
	<object class="MixerBusPanner" id="{131e3017-edff-454b-af53-0a6b9fa893f1}" />
	<object class="Automator" id="{d8bd8cc3-8ca1-46fe-90e8-78ebf3903089}">
		<property name="nameOfPropertyBeingAutomated">
			<value>volume</value>
		</property>
		<relationship name="automationCurves">
			<destination>{ab6145f7-db5d-4237-93af-5d12df03abce}</destination>
		</relationship>
	</object>
	<object class="MixerBusEffectChain" id="{b4c9febf-0efc-4cd7-ba42-f603071a3cf4}">
		<relationship name="effects">
			<destination>{29cc6bc2-cc88-4ca6-a93d-2d37a2b92ed1}</destination>
		</relationship>
	</object>
	<object class="MixerBusPanner" id="{62e5ec48-deb7-48ff-9577-f70fc49d4756}" />
	<object class="Automator" id="{736facd2-fb2d-4515-8ef9-c480ab6b7c89}">
		<property name="nameOfPropertyBeingAutomated">
			<value>volume</value>
		</property>
		<relationship name="automationCurves">
			<destination>{08931930-ccd5-4be9-b061-f6144b0e4701}</destination>
		</relationship>
	</object>
	<object class="MixerBusEffectChain" id="{68728339-c872-4b26-87e7-ed1b4f57f000}">
		<relationship name="effects">
			<destination>{6879cbf1-9297-4ba8-a1b0-4d4a758309b6}</destination>
		</relationship>
	</object>
	<object class="MixerBusPanner" id="{e7bd0db5-34ca-4d95-920a-b4fec70d8528}" />
	<object class="Automator" id="{d2a10e2a-5a91-41dd-b2a5-f9b0232e2052}">
		<property name="nameOfPropertyBeingAutomated">
			<value>volume</value>
		</property>
		<relationship name="automationCurves">
			<destination>{517d63f1-9cf3-48c7-8261-e9a5ae6a26ab}</destination>
		</relationship>
	</object>
	<object class="MixerBusEffectChain" id="{c98dfe22-a375-4237-a5bf-f3658203a83f}">
		<relationship name="effects">
			<destination>{b4973f93-7a4f-4dfa-802a-3b2cf3d14d46}</destination>
		</relationship>
	</object>
	<object class="MixerBusPanner" id="{5783f471-fc43-411d-90a2-9fd93cd40bce}" />
	<object class="Automator" id="{0283df54-ca58-4362-9f91-bc3a131afe65}">
		<property name="nameOfPropertyBeingAutomated">
			<value>volume</value>
		</property>
		<relationship name="automationCurves">
			<destination>{fdc2bcda-29e8-4f3b-96cd-7dd388777ec5}</destination>
		</relationship>
	</object>
	<object class="MixerBusEffectChain" id="{7366fa6f-e1d3-487b-8b57-6ad35c02723a}">
		<relationship name="effects">
			<destination>{659c55bf-c0b0-4470-a676-4455d9a2cb4d}</destination>
		</relationship>
	</object>
	<object class="MixerBusPanner" id="{efa5cad5-67d5-45c5-8c2b-e618d64e6640}" />
	<object class="MixerBusEffectChain" id="{0b5f2d1f-c23b-42e2-955e-d4d0447e38b1}">
		<relationship name="effects">
			<destination>{8985fdd5-0472-4aa3-8afd-c940ca06ecab}</destination>
			<destination>{b51b6f17-d828-487e-a8e5-2d24d0ef1666}</destination>
		</relationship>
	</object>
	<object class="MixerBusPanner" id="{228f74a1-8ca2-4b09-836f-ae553a18d9d6}" />
	<object class="AutomationCurve" id="{0deacafc-e8b4-4e94-aad8-360972ebe66c}">
		<relationship name="parameter">
			<destination>{473b0d62-7feb-415d-9c64-31b3432c0dfc}</destination>
		</relationship>
		<relationship name="automationPoints">
			<destination>{3e58257e-4525-43dc-b875-47455dc25b6d}</destination>
			<destination>{11a09850-98bc-4038-a808-c83577f2793d}</destination>
			<destination>{194c75c1-0270-4690-9817-30c0148c383a}</destination>
		</relationship>
	</object>
	<object class="MixerBusFader" id="{402f73b3-8c85-405e-8990-9d6646c4f48d}" />
	<object class="AutomationCurve" id="{8577e0df-5286-4238-9d9f-52b5ad497361}">
		<relationship name="parameter">
			<destination>{ab610faa-f9c3-43a7-917e-35dcfd0b87a8}</destination>
		</relationship>
		<relationship name="automationPoints">
			<destination>{8ac424b6-8817-4e13-a395-2044511cd316}</destination>
			<destination>{7f8d3260-c93e-4551-954d-3ebccf31a246}</destination>
		</relationship>
	</object>
	<object class="SingleSound" id="{a590207f-1d68-417d-9945-555f69b9ff46}">
		<relationship name="audioFile">
			<destination>{5bf41a5e-ac15-4d9e-b38a-f688f94ec863}</destination>
		</relationship>
	</object>
	<object class="SingleSound" id="{60653574-36cb-46f9-80c3-a07e121a0a9b}">
		<relationship name="audioFile">
			<destination>{1d3758a0-e1ed-4ecf-b110-9619573c4604}</destination>
		</relationship>
	</object>
	<object class="SingleSound" id="{7d4b8c61-f083-4cac-8d29-f5aa3baaff80}">
		<relationship name="audioFile">
			<destination>{6bc2aee4-0815-47e6-bbdf-3646327200c0}</destination>
		</relationship>
	</object>
	<object class="SingleSound" id="{500b67a3-c3eb-4e85-8658-22b7d40b30a6}">
		<relationship name="audioFile">
			<destination>{2a4e2f12-97c2-46ba-9848-3a0119538707}</destination>
		</relationship>
	</object>
	<object class="SingleSound" id="{d360b754-b253-4083-8edd-e97f49b58277}">
		<relationship name="audioFile">
			<destination>{aa851ca0-09a5-4b94-b453-0e89923f9d9f}</destination>
		</relationship>
	</object>
	<object class="SingleSound" id="{d86be071-65e5-44d7-a560-1a667a6eff2e}">
		<relationship name="audioFile">
			<destination>{b4b18c29-8425-4013-a8aa-18f728965eba}</destination>
		</relationship>
	</object>
	<object class="MixerBusFader" id="{652835e1-87b8-44bc-885b-5377e7ffe4aa}" />
	<object class="AutomationCurve" id="{ab6145f7-db5d-4237-93af-5d12df03abce}">
		<relationship name="parameter">
			<destination>{9f0dea7c-b999-49d1-bf20-d2516514b2f8}</destination>
		</relationship>
		<relationship name="automationPoints">
			<destination>{1bd2227c-1c21-4f19-9091-6eaf979a1499}</destination>
			<destination>{5655bc61-53ee-44a1-9b14-c354f60820e5}</destination>
		</relationship>
	</object>
	<object class="MixerBusFader" id="{29cc6bc2-cc88-4ca6-a93d-2d37a2b92ed1}" />
	<object class="AutomationCurve" id="{08931930-ccd5-4be9-b061-f6144b0e4701}">
		<relationship name="parameter">
			<destination>{9f0dea7c-b999-49d1-bf20-d2516514b2f8}</destination>
		</relationship>
		<relationship name="automationPoints">
			<destination>{3b087f3e-36cb-4214-a629-a76098f2eada}</destination>
			<destination>{ed34f26e-18f6-40df-aadb-f419b4c9c6a8}</destination>
		</relationship>
	</object>
	<object class="MixerBusFader" id="{6879cbf1-9297-4ba8-a1b0-4d4a758309b6}" />
	<object class="AutomationCurve" id="{517d63f1-9cf3-48c7-8261-e9a5ae6a26ab}">
		<relationship name="parameter">
			<destination>{9f0dea7c-b999-49d1-bf20-d2516514b2f8}</destination>
		</relationship>
		<relationship name="automationPoints">
			<destination>{2ebc8aeb-1e4e-408f-9ded-d29e66083759}</destination>
			<destination>{6d1fe226-5d2e-4fa9-95f1-d301e590bf67}</destination>
			<destination>{135797a8-c2ae-42e4-bacc-ba5bd314bbc6}</destination>
		</relationship>
	</object>
	<object class="MixerBusFader" id="{b4973f93-7a4f-4dfa-802a-3b2cf3d14d46}" />
	<object class="AutomationCurve" id="{fdc2bcda-29e8-4f3b-96cd-7dd388777ec5}">
		<relationship name="parameter">
			<destination>{9f0dea7c-b999-49d1-bf20-d2516514b2f8}</destination>
		</relationship>
		<relationship name="automationPoints">
			<destination>{3e45535b-7927-4795-b3a3-d4ba2e69051a}</destination>
			<destination>{5c291c3c-0524-4fa8-b993-4e99777d1a53}</destination>
			<destination>{63067a60-accd-4409-b427-a95a11694533}</destination>
		</relationship>
	</object>
	<object class="MixerBusFader" id="{659c55bf-c0b0-4470-a676-4455d9a2cb4d}" />
	<object class="MixerBusFader" id="{8985fdd5-0472-4aa3-8afd-c940ca06ecab}" />
	<object class="MultibandEqEffect" id="{b51b6f17-d828-487e-a8e5-2d24d0ef1666}">
		<property name="filterTypeA">
			<value>8</value>
		</property>
		<relationship name="automators">
			<destination>{54e7a24f-4145-45ab-a1b7-ba95ac0385d1}</destination>
			<destination>{bffae800-69f4-4f0e-a38b-72f82b8ec97c}</destination>
		</relationship>
	</object>
	<object class="AutomationPoint" id="{3e58257e-4525-43dc-b875-47455dc25b6d}">
		<property name="position">
			<value>0</value>
		</property>
		<property name="value">
			<value>-80</value>
		</property>
	</object>
	<object class="AutomationPoint" id="{11a09850-98bc-4038-a808-c83577f2793d}">
		<property name="position">
			<value>0.45000000000000001</value>
		</property>
		<property name="value">
			<value>0</value>
		</property>
	</object>
	<object class="AutomationPoint" id="{194c75c1-0270-4690-9817-30c0148c383a}">
		<property name="position">
			<value>1</value>
		</property>
		<property name="value">
			<value>10</value>
		</property>
	</object>
	<object class="AutomationPoint" id="{8ac424b6-8817-4e13-a395-2044511cd316}">
		<property name="position">
			<value>0</value>
		</property>
		<property name="value">
			<value>0</value>
		</property>
	</object>
	<object class="AutomationPoint" id="{7f8d3260-c93e-4551-954d-3ebccf31a246}">
		<property name="position">
			<value>1</value>
		</property>
		<property name="value">
			<value>500</value>
		</property>
	</object>
	<object class="AutomationPoint" id="{1bd2227c-1c21-4f19-9091-6eaf979a1499}">
		<property name="position">
			<value>0</value>
		</property>
		<property name="value">
			<value>-12</value>
		</property>
		<property name="curveShape">
			<value>-0.335759103</value>
		</property>
	</object>
	<object class="AutomationPoint" id="{5655bc61-53ee-44a1-9b14-c354f60820e5}">
		<property name="position">
			<value>0.10000000000000001</value>
		</property>
		<property name="value">
			<value>0</value>
		</property>
	</object>
	<object class="AutomationPoint" id="{3b087f3e-36cb-4214-a629-a76098f2eada}">
		<property name="position">
			<value>0.050000000000000003</value>
		</property>
		<property name="value">
			<value>-19</value>
		</property>
		<property name="curveShape">
			<value>-0.276111692</value>
		</property>
	</object>
	<object class="AutomationPoint" id="{ed34f26e-18f6-40df-aadb-f419b4c9c6a8}">
		<property name="position">
			<value>0.30000000000000004</value>
		</property>
		<property name="value">
			<value>1</value>
		</property>
	</object>
	<object class="AutomationPoint" id="{2ebc8aeb-1e4e-408f-9ded-d29e66083759}">
		<property name="position">
			<value>0.0070621468926553672</value>
		</property>
		<property name="value">
			<value>-34</value>
		</property>
		<property name="curveShape">
			<value>-0.242700815</value>
		</property>
	</object>
	<object class="AutomationPoint" id="{6d1fe226-5d2e-4fa9-95f1-d301e590bf67}">
		<property name="position">
			<value>0.35000000000000003</value>
		</property>
		<property name="value">
			<value>1</value>
		</property>
	</object>
	<object class="AutomationPoint" id="{135797a8-c2ae-42e4-bacc-ba5bd314bbc6}">
		<property name="position">
			<value>0.60000000000000009</value>
		</property>
		<property name="value">
			<value>5</value>
		</property>
	</object>
	<object class="AutomationPoint" id="{3e45535b-7927-4795-b3a3-d4ba2e69051a}">
		<property name="position">
			<value>0</value>
		</property>
		<property name="value">
			<value>-34</value>
		</property>
		<property name="curveShape">
			<value>0.350345284</value>
		</property>
	</object>
	<object class="AutomationPoint" id="{5c291c3c-0524-4fa8-b993-4e99777d1a53}">
		<property name="position">
			<value>0.70000000000000007</value>
		</property>
		<property name="value">
			<value>0</value>
		</property>
	</object>
	<object class="AutomationPoint" id="{63067a60-accd-4409-b427-a95a11694533}">
		<property name="position">
			<value>0.90000000000000002</value>
		</property>
		<property name="value">
			<value>5</value>
		</property>
	</object>
	<object class="Automator" id="{54e7a24f-4145-45ab-a1b7-ba95ac0385d1}">
		<property name="nameOfPropertyBeingAutomated">
			<value>frequencyA</value>
		</property>
		<relationship name="automationCurves">
			<destination>{bb948914-5ea6-4fef-85bf-f28c460a1004}</destination>
		</relationship>
	</object>
	<object class="Automator" id="{bffae800-69f4-4f0e-a38b-72f82b8ec97c}">
		<property name="nameOfPropertyBeingAutomated">
			<value>gainA</value>
		</property>
		<relationship name="automationCurves">
			<destination>{18418212-cb03-44b4-995e-44b07045f132}</destination>
		</relationship>
	</object>
	<object class="AutomationCurve" id="{bb948914-5ea6-4fef-85bf-f28c460a1004}">
		<relationship name="parameter">
			<destination>{b75bbe69-0369-4df5-87e9-a7348c8a42aa}</destination>
		</relationship>
		<relationship name="automationPoints">
			<destination>{e975dee4-c6b0-4a92-a5da-31d006595d36}</destination>
			<destination>{afd8a180-7958-46da-b3ee-f0ac44ed5086}</destination>
		</relationship>
	</object>
	<object class="AutomationCurve" id="{18418212-cb03-44b4-995e-44b07045f132}">
		<relationship name="parameter">
			<destination>{da8b7fdd-bc7f-4857-957f-d7a43d95c741}</destination>
		</relationship>
		<relationship name="automationPoints">
			<destination>{49ef4b3f-7efe-48e4-a751-657f77a2bc88}</destination>
			<destination>{3b506891-7307-44ae-9961-b9f7d65bfe0f}</destination>
		</relationship>
	</object>
	<object class="AutomationPoint" id="{e975dee4-c6b0-4a92-a5da-31d006595d36}">
		<property name="position">
			<value>0</value>
		</property>
		<property name="value">
			<value>600</value>
		</property>
	</object>
	<object class="AutomationPoint" id="{afd8a180-7958-46da-b3ee-f0ac44ed5086}">
		<property name="position">
			<value>1</value>
		</property>
		<property name="value">
			<value>75</value>
		</property>
	</object>
	<object class="AutomationPoint" id="{49ef4b3f-7efe-48e4-a751-657f77a2bc88}">
		<property name="position">
			<value>0</value>
		</property>
		<property name="value">
			<value>0</value>
		</property>
	</object>
	<object class="AutomationPoint" id="{3b506891-7307-44ae-9961-b9f7d65bfe0f}">
		<property name="position">
			<value>1</value>
		</property>
		<property name="value">
			<value>-17</value>
		</property>
	</object>
</objects>
