<?xml version="1.0" encoding="UTF-8"?>
<objects serializationModel="Studio.02.03.00">
	<object class="Event" id="{a0b27691-0c5a-4205-be5d-a27abba2c283}">
		<property name="name">
			<value>pasos🎶😎</value>
		</property>
		<property name="outputFormat">
			<value>2</value>
		</property>
		<relationship name="folder">
			<destination>{c8978556-a4f1-4390-b6e9-cb3dbcebca36}</destination>
		</relationship>
		<relationship name="mixer">
			<destination>{ffd982f7-6018-43c0-a8c2-91906f060f7b}</destination>
		</relationship>
		<relationship name="masterTrack">
			<destination>{9b553206-25c8-42e8-81c6-6c8d3cdde05c}</destination>
		</relationship>
		<relationship name="mixerInput">
			<destination>{57f792fe-8e49-4743-a031-22cba10180a4}</destination>
		</relationship>
		<relationship name="automatableProperties">
			<destination>{a09006b4-19f1-421f-aea3-9448fbe37510}</destination>
		</relationship>
		<relationship name="markerTracks">
			<destination>{2761ce3e-fbd2-4f31-b0c1-132936a86e38}</destination>
			<destination>{8bf38ad3-ba7e-4cef-9346-b2a43f2d42e5}</destination>
		</relationship>
		<relationship name="groupTracks">
			<destination>{ddb78ee3-e51d-490e-9be6-531a09eec120}</destination>
			<destination>{8c9c890f-9f4d-470b-a8be-39cea6172228}</destination>
			<destination>{822547c7-97dd-4504-baa5-8532f6e74a07}</destination>
		</relationship>
		<relationship name="timeline">
			<destination>{3df0b50d-3c24-4989-8db7-4d84e49044e4}</destination>
		</relationship>
		<relationship name="banks">
			<destination>{4387f57d-3132-4814-b1f4-58d48cf14167}</destination>
		</relationship>
	</object>
	<object class="EventMixer" id="{ffd982f7-6018-43c0-a8c2-91906f060f7b}">
		<relationship name="masterBus">
			<destination>{84c43fbe-a605-4959-a75b-9fff64429402}</destination>
		</relationship>
	</object>
	<object class="MasterTrack" id="{9b553206-25c8-42e8-81c6-6c8d3cdde05c}">
		<relationship name="automationTracks">
			<destination>{f1e5c03c-4924-43a0-873c-99a2cb1cbf08}</destination>
		</relationship>
		<relationship name="mixerGroup">
			<destination>{84c43fbe-a605-4959-a75b-9fff64429402}</destination>
		</relationship>
	</object>
	<object class="MixerInput" id="{57f792fe-8e49-4743-a031-22cba10180a4}">
		<relationship name="effectChain">
			<destination>{ffd27533-7d48-4f2a-be1c-fb0af0cc5368}</destination>
		</relationship>
		<relationship name="panner">
			<destination>{fcb59fbf-22ee-403c-84ff-dd1544bf79e2}</destination>
		</relationship>
		<relationship name="output">
			<destination>{d35f754f-f183-44e2-ae79-62d770b25c61}</destination>
		</relationship>
	</object>
	<object class="EventAutomatableProperties" id="{a09006b4-19f1-421f-aea3-9448fbe37510}" />
	<object class="MarkerTrack" id="{2761ce3e-fbd2-4f31-b0c1-132936a86e38}" />
	<object class="MarkerTrack" id="{8bf38ad3-ba7e-4cef-9346-b2a43f2d42e5}" />
	<object class="GroupTrack" id="{ddb78ee3-e51d-490e-9be6-531a09eec120}">
		<relationship name="modules">
			<destination>{5d3db57f-33a7-41eb-b8d8-307f9001b08a}</destination>
		</relationship>
		<relationship name="mixerGroup">
			<destination>{396200d5-d4b6-42e0-a69f-f7ba65f49bec}</destination>
		</relationship>
	</object>
	<object class="GroupTrack" id="{8c9c890f-9f4d-470b-a8be-39cea6172228}">
		<relationship name="modules">
			<destination>{49d7fb19-8562-41c4-a3c9-913b2d1cda8f}</destination>
		</relationship>
		<relationship name="mixerGroup">
			<destination>{d583fa0c-3ccb-404c-9de2-6d8ed20ed65c}</destination>
		</relationship>
	</object>
	<object class="GroupTrack" id="{822547c7-97dd-4504-baa5-8532f6e74a07}">
		<relationship name="modules">
			<destination>{aa541459-f34e-472c-8791-231a06c8a8a0}</destination>
		</relationship>
		<relationship name="mixerGroup">
			<destination>{d05c42de-8e23-43d9-84bb-259c33c71547}</destination>
		</relationship>
	</object>
	<object class="Timeline" id="{3df0b50d-3c24-4989-8db7-4d84e49044e4}">
		<relationship name="modules">
			<destination>{5d3db57f-33a7-41eb-b8d8-307f9001b08a}</destination>
			<destination>{49d7fb19-8562-41c4-a3c9-913b2d1cda8f}</destination>
			<destination>{aa541459-f34e-472c-8791-231a06c8a8a0}</destination>
		</relationship>
		<relationship name="markers">
			<destination>{68f7da79-4dca-424b-befc-31dc1a24f00d}</destination>
			<destination>{fdfb7458-7b30-41a5-b35a-30f50878938b}</destination>
			<destination>{19bb4018-b49d-4c6c-b448-da8f5d105ed8}</destination>
			<destination>{589cb955-bea2-4c4d-b134-9289672c0c9b}</destination>
			<destination>{062689e1-42c4-4106-950a-43e5d670cccf}</destination>
		</relationship>
	</object>
	<object class="EventMixerMaster" id="{84c43fbe-a605-4959-a75b-9fff64429402}">
		<relationship name="effectChain">
			<destination>{c78b52a7-ae71-424f-bfe1-7178239e0e13}</destination>
		</relationship>
		<relationship name="panner">
			<destination>{5030c251-4e2a-4d9e-a3f4-f0360d8561c4}</destination>
		</relationship>
		<relationship name="mixer">
			<destination>{ffd982f7-6018-43c0-a8c2-91906f060f7b}</destination>
		</relationship>
	</object>
	<object class="AutomationTrack" id="{f1e5c03c-4924-43a0-873c-99a2cb1cbf08}">
		<relationship name="automator">
			<destination>{860a8c3f-3444-4751-aaba-69ff43d6e123}</destination>
		</relationship>
	</object>
	<object class="MixerBusEffectChain" id="{ffd27533-7d48-4f2a-be1c-fb0af0cc5368}">
		<relationship name="effects">
			<destination>{071f3e69-68b7-46ce-b6e0-410be4b8c810}</destination>
		</relationship>
	</object>
	<object class="MixerBusPanner" id="{fcb59fbf-22ee-403c-84ff-dd1544bf79e2}" />
	<object class="MultiSound" id="{5d3db57f-33a7-41eb-b8d8-307f9001b08a}">
		<property name="triggerProbabilityEnabled">
			<value>true</value>
		</property>
		<property name="color">
			<value>Red</value>
		</property>
		<property name="length">
			<value>0.5013333333333333</value>
		</property>
		<relationship name="modulators">
			<destination>{80063e5d-41a9-4da6-aee0-88cc0a440d6f}</destination>
			<destination>{b46aea76-4c19-4f25-abf3-e821088c0579}</destination>
			<destination>{9af3ea7a-3fbc-4af1-97b2-33ef3010fb08}</destination>
			<destination>{a738d285-7bee-460c-ae76-f6a5cf2ed237}</destination>
		</relationship>
		<relationship name="triggerConditions">
			<destination>{6eaaa544-bf66-4197-b6e2-7e0174dbc0c5}</destination>
			<destination>{9f06214e-6940-4ba2-9146-6e6bde9e9c41}</destination>
		</relationship>
		<relationship name="sounds">
			<destination>{7f3eeb1f-e291-4ed4-a8af-a2766d5535f9}</destination>
			<destination>{26d221aa-0175-4512-bf93-d43ab868c3a2}</destination>
			<destination>{80accf50-6e19-463f-8c76-fc94fea14919}</destination>
		</relationship>
		<relationship name="playPercentages">
			<destination>{ad3308c2-b90b-4844-a3df-1f86a9035bb9}</destination>
		</relationship>
	</object>
	<object class="EventMixerGroup" id="{396200d5-d4b6-42e0-a69f-f7ba65f49bec}">
		<property name="volume">
			<value>10</value>
		</property>
		<property name="name">
			<value>Carpet</value>
		</property>
		<relationship name="effectChain">
			<destination>{467137e2-ba50-4d0c-85d4-5d91230da237}</destination>
		</relationship>
		<relationship name="panner">
			<destination>{decd78d8-d950-43ee-ac36-041d14ce9f64}</destination>
		</relationship>
		<relationship name="output">
			<destination>{84c43fbe-a605-4959-a75b-9fff64429402}</destination>
		</relationship>
	</object>
	<object class="MultiSound" id="{49d7fb19-8562-41c4-a3c9-913b2d1cda8f}">
		<property name="length">
			<value>0.50062499999999999</value>
		</property>
		<relationship name="modulators">
			<destination>{ac305141-b9cf-4553-87d4-48ad02649fd5}</destination>
		</relationship>
		<relationship name="triggerConditions">
			<destination>{96c11198-f941-49a9-baaf-7bdfa055d6c5}</destination>
			<destination>{ee734582-cad1-481c-9ca0-a759b11a9b8c}</destination>
		</relationship>
		<relationship name="sounds">
			<destination>{3a24a5a6-141e-44d5-81b3-4676721c9557}</destination>
			<destination>{1a340bd5-6fc5-466c-ba2c-3db81749d708}</destination>
			<destination>{ffd566bf-79b9-48e9-8524-7371d4faa0eb}</destination>
		</relationship>
		<relationship name="playPercentages">
			<destination>{e28a8b52-849c-41d5-b46e-78a663355d88}</destination>
		</relationship>
	</object>
	<object class="EventMixerGroup" id="{d583fa0c-3ccb-404c-9de2-6d8ed20ed65c}">
		<property name="name">
			<value>Grass</value>
		</property>
		<relationship name="effectChain">
			<destination>{ede13041-89d4-46c1-8197-fe50ab860e73}</destination>
		</relationship>
		<relationship name="panner">
			<destination>{98f94a6e-e698-4db9-a026-df28c8398874}</destination>
		</relationship>
		<relationship name="output">
			<destination>{84c43fbe-a605-4959-a75b-9fff64429402}</destination>
		</relationship>
	</object>
	<object class="MultiSound" id="{aa541459-f34e-472c-8791-231a06c8a8a0}">
		<property name="color">
			<value>Magenta Light 1</value>
		</property>
		<property name="length">
			<value>0.5013333333333333</value>
		</property>
		<relationship name="modulators">
			<destination>{f8dac721-ba90-415e-b3a6-806c473784fc}</destination>
		</relationship>
		<relationship name="triggerConditions">
			<destination>{2ca363ae-4f78-40b2-9bef-1c95517f1607}</destination>
			<destination>{342ff2ef-df1a-4f30-b4c5-d5baa5a811d6}</destination>
		</relationship>
		<relationship name="sounds">
			<destination>{fe80f28e-bd89-4970-8752-d880be1f181c}</destination>
			<destination>{9c129351-c295-4946-ad2d-31fcaaf40dc8}</destination>
			<destination>{586ad560-7f56-443e-a72b-35ebaacb6b33}</destination>
			<destination>{b098f17e-7f49-4fdf-87a7-989387506548}</destination>
		</relationship>
		<relationship name="playPercentages">
			<destination>{3db0f3c2-e619-42a1-a682-f8c7aa73b50d}</destination>
		</relationship>
	</object>
	<object class="EventMixerGroup" id="{d05c42de-8e23-43d9-84bb-259c33c71547}">
		<property name="name">
			<value>Wood</value>
		</property>
		<relationship name="effectChain">
			<destination>{433cb15d-4cc5-420e-a613-158e231d7c82}</destination>
		</relationship>
		<relationship name="panner">
			<destination>{575a3d9d-eaec-44bd-a4b1-7ec1bf102296}</destination>
		</relationship>
		<relationship name="output">
			<destination>{84c43fbe-a605-4959-a75b-9fff64429402}</destination>
		</relationship>
	</object>
	<object class="LoopRegion" id="{68f7da79-4dca-424b-befc-31dc1a24f00d}">
		<property name="position">
			<value>0</value>
		</property>
		<property name="length">
			<value>0.5013333333333333</value>
		</property>
		<relationship name="timeline">
			<destination>{3df0b50d-3c24-4989-8db7-4d84e49044e4}</destination>
		</relationship>
		<relationship name="markerTrack">
			<destination>{8bf38ad3-ba7e-4cef-9346-b2a43f2d42e5}</destination>
		</relationship>
	</object>
	<object class="NamedMarker" id="{fdfb7458-7b30-41a5-b35a-30f50878938b}">
		<property name="position">
			<value>0</value>
		</property>
		<property name="name">
			<value>Init</value>
		</property>
		<relationship name="timeline">
			<destination>{3df0b50d-3c24-4989-8db7-4d84e49044e4}</destination>
		</relationship>
		<relationship name="markerTrack">
			<destination>{2761ce3e-fbd2-4f31-b0c1-132936a86e38}</destination>
		</relationship>
	</object>
	<object class="TransitionMarker" id="{19bb4018-b49d-4c6c-b448-da8f5d105ed8}">
		<property name="position">
			<value>0.5013333333333333</value>
		</property>
		<relationship name="timeline">
			<destination>{3df0b50d-3c24-4989-8db7-4d84e49044e4}</destination>
		</relationship>
		<relationship name="markerTrack">
			<destination>{2761ce3e-fbd2-4f31-b0c1-132936a86e38}</destination>
		</relationship>
		<relationship name="destination">
			<destination>{fdfb7458-7b30-41a5-b35a-30f50878938b}</destination>
		</relationship>
		<relationship name="triggerConditions">
			<destination>{da6937d7-6494-45d5-9781-f7b749144ed7}</destination>
		</relationship>
	</object>
	<object class="TransitionMarker" id="{589cb955-bea2-4c4d-b134-9289672c0c9b}">
		<property name="position">
			<value>0.33000000000000002</value>
		</property>
		<relationship name="timeline">
			<destination>{3df0b50d-3c24-4989-8db7-4d84e49044e4}</destination>
		</relationship>
		<relationship name="markerTrack">
			<destination>{2761ce3e-fbd2-4f31-b0c1-132936a86e38}</destination>
		</relationship>
		<relationship name="destination">
			<destination>{fdfb7458-7b30-41a5-b35a-30f50878938b}</destination>
		</relationship>
		<relationship name="triggerConditions">
			<destination>{7c26b62b-e901-4720-b6ba-bfc4d7a770a4}</destination>
		</relationship>
	</object>
	<object class="TransitionMarker" id="{062689e1-42c4-4106-950a-43e5d670cccf}">
		<property name="position">
			<value>0.19</value>
		</property>
		<relationship name="timeline">
			<destination>{3df0b50d-3c24-4989-8db7-4d84e49044e4}</destination>
		</relationship>
		<relationship name="markerTrack">
			<destination>{2761ce3e-fbd2-4f31-b0c1-132936a86e38}</destination>
		</relationship>
		<relationship name="destination">
			<destination>{fdfb7458-7b30-41a5-b35a-30f50878938b}</destination>
		</relationship>
		<relationship name="triggerConditions">
			<destination>{83d7dac3-bddb-45e1-82e3-2e04955dcb61}</destination>
		</relationship>
	</object>
	<object class="MixerBusEffectChain" id="{c78b52a7-ae71-424f-bfe1-7178239e0e13}">
		<relationship name="effects">
			<destination>{2567ba87-ede7-4af4-85d4-5c212d56def3}</destination>
			<destination>{cc173a2c-9951-4ec9-a25e-50db5aeede6c}</destination>
			<destination>{13299a9b-3ba4-49d4-a085-0ccb4899b4a1}</destination>
		</relationship>
	</object>
	<object class="MixerBusPanner" id="{5030c251-4e2a-4d9e-a3f4-f0360d8561c4}" />
	<object class="MixerBusFader" id="{071f3e69-68b7-46ce-b6e0-410be4b8c810}" />
	<object class="RandomizerModulator" id="{80063e5d-41a9-4da6-aee0-88cc0a440d6f}">
		<property name="nameOfPropertyBeingModulated">
			<value>startOffset</value>
		</property>
		<property name="amount">
			<value>4</value>
		</property>
	</object>
	<object class="RandomizerModulator" id="{b46aea76-4c19-4f25-abf3-e821088c0579}">
		<property name="nameOfPropertyBeingModulated">
			<value>pitch</value>
		</property>
		<property name="amount">
			<value>4.16666698</value>
		</property>
	</object>
	<object class="ADSRModulator" id="{9af3ea7a-3fbc-4af1-97b2-33ef3010fb08}">
		<property name="nameOfPropertyBeingModulated">
			<value>volume</value>
		</property>
		<property name="initialValue">
			<value>-80</value>
		</property>
		<property name="decayTime">
			<value>865.384644</value>
		</property>
		<property name="sustainValue">
			<value>-28.5714283</value>
		</property>
		<property name="finalValue">
			<value>-80</value>
		</property>
	</object>
	<object class="SidechainModulator" id="{a738d285-7bee-460c-ae76-f6a5cf2ed237}">
		<property name="nameOfPropertyBeingModulated">
			<value>volume</value>
		</property>
	</object>
	<object class="ParameterCondition" id="{6eaaa544-bf66-4197-b6e2-7e0174dbc0c5}">
		<property name="minimum">
			<value>0</value>
		</property>
		<property name="maximum">
			<value>0</value>
		</property>
		<relationship name="parameter">
			<destination>{dd97cb82-d175-40a2-80d3-0585916fcaa0}</destination>
		</relationship>
	</object>
	<object class="ParameterCondition" id="{9f06214e-6940-4ba2-9146-6e6bde9e9c41}">
		<property name="minimum">
			<value>0</value>
		</property>
		<property name="maximum">
			<value>1</value>
		</property>
		<relationship name="parameter">
			<destination>{3826e057-965f-42b3-8dde-bf7d77882c07}</destination>
		</relationship>
	</object>
	<object class="SingleSound" id="{7f3eeb1f-e291-4ed4-a8af-a2766d5535f9}">
		<relationship name="audioFile">
			<destination>{15c65b39-a0f6-43d1-bdf4-cb30f0457d54}</destination>
		</relationship>
	</object>
	<object class="SingleSound" id="{26d221aa-0175-4512-bf93-d43ab868c3a2}">
		<relationship name="audioFile">
			<destination>{488042e3-7e70-443d-beee-e2ca26748063}</destination>
		</relationship>
	</object>
	<object class="SingleSound" id="{80accf50-6e19-463f-8c76-fc94fea14919}">
		<relationship name="audioFile">
			<destination>{281fcac1-4814-4c1e-b082-76f86afad7ea}</destination>
		</relationship>
	</object>
	<object class="PlayPercentage" id="{ad3308c2-b90b-4844-a3df-1f86a9035bb9}">
		<property name="percentage">
			<value>40</value>
		</property>
		<relationship name="sound">
			<destination>{7f3eeb1f-e291-4ed4-a8af-a2766d5535f9}</destination>
		</relationship>
	</object>
	<object class="MixerBusEffectChain" id="{467137e2-ba50-4d0c-85d4-5d91230da237}">
		<relationship name="effects">
			<destination>{ae2dd625-5b7d-4bba-addc-26d65e40d565}</destination>
		</relationship>
	</object>
	<object class="MixerBusPanner" id="{decd78d8-d950-43ee-ac36-041d14ce9f64}" />
	<object class="RandomizerModulator" id="{ac305141-b9cf-4553-87d4-48ad02649fd5}">
		<property name="nameOfPropertyBeingModulated">
			<value>pitch</value>
		</property>
		<property name="amount">
			<value>4.16666698</value>
		</property>
	</object>
	<object class="ParameterCondition" id="{96c11198-f941-49a9-baaf-7bdfa055d6c5}">
		<property name="minimum">
			<value>1</value>
		</property>
		<property name="maximum">
			<value>1</value>
		</property>
		<relationship name="parameter">
			<destination>{dd97cb82-d175-40a2-80d3-0585916fcaa0}</destination>
		</relationship>
	</object>
	<object class="ParameterCondition" id="{ee734582-cad1-481c-9ca0-a759b11a9b8c}">
		<property name="minimum">
			<value>0</value>
		</property>
		<property name="maximum">
			<value>1</value>
		</property>
		<relationship name="parameter">
			<destination>{3826e057-965f-42b3-8dde-bf7d77882c07}</destination>
		</relationship>
	</object>
	<object class="SingleSound" id="{3a24a5a6-141e-44d5-81b3-4676721c9557}">
		<relationship name="audioFile">
			<destination>{9d7863d4-a51a-4e62-b042-95a4dce12ff2}</destination>
		</relationship>
	</object>
	<object class="SingleSound" id="{1a340bd5-6fc5-466c-ba2c-3db81749d708}">
		<relationship name="audioFile">
			<destination>{6eb1485e-7365-4703-a8f6-bac55a3dbb15}</destination>
		</relationship>
	</object>
	<object class="SingleSound" id="{ffd566bf-79b9-48e9-8524-7371d4faa0eb}">
		<relationship name="audioFile">
			<destination>{31fd7a3d-654f-47bf-86f3-1b7d10b23b04}</destination>
		</relationship>
	</object>
	<object class="PlayPercentage" id="{e28a8b52-849c-41d5-b46e-78a663355d88}">
		<property name="percentage">
			<value>40</value>
		</property>
		<relationship name="sound">
			<destination>{3a24a5a6-141e-44d5-81b3-4676721c9557}</destination>
		</relationship>
	</object>
	<object class="MixerBusEffectChain" id="{ede13041-89d4-46c1-8197-fe50ab860e73}">
		<relationship name="effects">
			<destination>{8fab8a96-7805-4153-8760-68ab4e8f7a09}</destination>
		</relationship>
	</object>
	<object class="MixerBusPanner" id="{98f94a6e-e698-4db9-a026-df28c8398874}" />
	<object class="RandomizerModulator" id="{f8dac721-ba90-415e-b3a6-806c473784fc}">
		<property name="nameOfPropertyBeingModulated">
			<value>pitch</value>
		</property>
		<property name="amount">
			<value>4.16666698</value>
		</property>
	</object>
	<object class="ParameterCondition" id="{2ca363ae-4f78-40b2-9bef-1c95517f1607}">
		<property name="minimum">
			<value>2</value>
		</property>
		<property name="maximum">
			<value>2</value>
		</property>
		<relationship name="parameter">
			<destination>{dd97cb82-d175-40a2-80d3-0585916fcaa0}</destination>
		</relationship>
	</object>
	<object class="ParameterCondition" id="{342ff2ef-df1a-4f30-b4c5-d5baa5a811d6}">
		<property name="minimum">
			<value>0</value>
		</property>
		<property name="maximum">
			<value>1</value>
		</property>
		<relationship name="parameter">
			<destination>{3826e057-965f-42b3-8dde-bf7d77882c07}</destination>
		</relationship>
	</object>
	<object class="SingleSound" id="{fe80f28e-bd89-4970-8752-d880be1f181c}">
		<relationship name="audioFile">
			<destination>{e93eb752-d896-4fb2-b41f-6f25ef978372}</destination>
		</relationship>
	</object>
	<object class="SingleSound" id="{9c129351-c295-4946-ad2d-31fcaaf40dc8}">
		<relationship name="audioFile">
			<destination>{659dd10e-8c39-4054-bee2-fa991962fc65}</destination>
		</relationship>
	</object>
	<object class="SingleSound" id="{586ad560-7f56-443e-a72b-35ebaacb6b33}">
		<relationship name="audioFile">
			<destination>{c41ecec8-4950-4bb1-8003-1920d44ae36a}</destination>
		</relationship>
	</object>
	<object class="SingleSound" id="{b098f17e-7f49-4fdf-87a7-989387506548}">
		<relationship name="audioFile">
			<destination>{70f0b7ab-7e71-4bf7-a2e4-7ba0ace428be}</destination>
		</relationship>
	</object>
	<object class="PlayPercentage" id="{3db0f3c2-e619-42a1-a682-f8c7aa73b50d}">
		<property name="percentage">
			<value>40</value>
		</property>
		<relationship name="sound">
			<destination>{fe80f28e-bd89-4970-8752-d880be1f181c}</destination>
		</relationship>
	</object>
	<object class="MixerBusEffectChain" id="{433cb15d-4cc5-420e-a613-158e231d7c82}">
		<relationship name="effects">
			<destination>{76545226-84fa-48c1-b844-565015e5e052}</destination>
		</relationship>
	</object>
	<object class="MixerBusPanner" id="{575a3d9d-eaec-44bd-a4b1-7ec1bf102296}" />
	<object class="ParameterCondition" id="{da6937d7-6494-45d5-9781-f7b749144ed7}">
		<property name="minimum">
			<value>0</value>
		</property>
		<property name="maximum">
			<value>0</value>
		</property>
		<relationship name="parameter">
			<destination>{e1331505-a5b5-479a-a8a2-6a35b02af477}</destination>
		</relationship>
	</object>
	<object class="ParameterCondition" id="{7c26b62b-e901-4720-b6ba-bfc4d7a770a4}">
		<property name="minimum">
			<value>1</value>
		</property>
		<property name="maximum">
			<value>1</value>
		</property>
		<relationship name="parameter">
			<destination>{e1331505-a5b5-479a-a8a2-6a35b02af477}</destination>
		</relationship>
	</object>
	<object class="ParameterCondition" id="{83d7dac3-bddb-45e1-82e3-2e04955dcb61}">
		<property name="minimum">
			<value>2</value>
		</property>
		<property name="maximum">
			<value>2</value>
		</property>
		<relationship name="parameter">
			<destination>{e1331505-a5b5-479a-a8a2-6a35b02af477}</destination>
		</relationship>
	</object>
	<object class="SFXReverbEffect" id="{2567ba87-ede7-4af4-85d4-5c212d56def3}">
		<relationship name="automators">
			<destination>{860a8c3f-3444-4751-aaba-69ff43d6e123}</destination>
		</relationship>
	</object>
	<object class="MixerBusFader" id="{cc173a2c-9951-4ec9-a25e-50db5aeede6c}" />
	<object class="SpatialiserEffect" id="{13299a9b-3ba4-49d4-a085-0ccb4899b4a1}" />
	<object class="MixerBusFader" id="{ae2dd625-5b7d-4bba-addc-26d65e40d565}" />
	<object class="MixerBusFader" id="{8fab8a96-7805-4153-8760-68ab4e8f7a09}" />
	<object class="MixerBusFader" id="{76545226-84fa-48c1-b844-565015e5e052}" />
	<object class="Automator" id="{860a8c3f-3444-4751-aaba-69ff43d6e123}">
		<property name="nameOfPropertyBeingAutomated">
			<value>wetLevel</value>
		</property>
		<relationship name="automationCurves">
			<destination>{e2d71b8e-9a94-4ee2-8db6-2412a1d31ef8}</destination>
		</relationship>
	</object>
	<object class="AutomationCurve" id="{e2d71b8e-9a94-4ee2-8db6-2412a1d31ef8}">
		<relationship name="parameter">
			<destination>{3826e057-965f-42b3-8dde-bf7d77882c07}</destination>
		</relationship>
		<relationship name="automationPoints">
			<destination>{820cc22c-2c39-4c06-97c3-d0edbb7b9653}</destination>
			<destination>{80670955-dff1-4933-b2c0-36da5ed6719f}</destination>
		</relationship>
	</object>
	<object class="AutomationPoint" id="{820cc22c-2c39-4c06-97c3-d0edbb7b9653}">
		<property name="position">
			<value>0</value>
		</property>
		<property name="value">
			<value>-80</value>
		</property>
	</object>
	<object class="AutomationPoint" id="{80670955-dff1-4933-b2c0-36da5ed6719f}">
		<property name="position">
			<value>0.99858757062146897</value>
		</property>
		<property name="value">
			<value>0</value>
		</property>
	</object>
</objects>
