<?xml version="1.0" encoding="UTF-8"?>
<objects serializationModel="Studio.02.03.00">
	<object class="ParameterPreset" id="{4b99b4a2-5e3c-4310-97de-a1edb9476f74}">
		<property name="name">
			<value>pioOnOff</value>
		</property>
		<relationship name="folder">
			<destination>{7a3d9191-6f21-44d8-a46e-0639590d3bd2}</destination>
		</relationship>
		<relationship name="parameter">
			<destination>{5b92b3bc-491c-41a5-b202-b8823091bad7}</destination>
		</relationship>
	</object>
	<object class="GameParameter" id="{5b92b3bc-491c-41a5-b202-b8823091bad7}">
		<property name="parameterType">
			<value>2</value>
		</property>
		<property name="maximum">
			<value>2</value>
		</property>
		<property name="enumerationLabels">
			<value>On</value>
			<value>Off</value>
		</property>
		<property name="initialValue">
			<value>0</value>
		</property>
	</object>
</objects>
