<?xml version="1.0" encoding="UTF-8"?>
<objects serializationModel="Studio.02.03.00">
	<object class="ParameterPreset" id="{71dee1e9-e5cc-49e7-abcc-e5d536155172}">
		<property name="name">
			<value>Recinto</value>
		</property>
		<relationship name="folder">
			<destination>{7a3d9191-6f21-44d8-a46e-0639590d3bd2}</destination>
		</relationship>
		<relationship name="parameter">
			<destination>{3826e057-965f-42b3-8dde-bf7d77882c07}</destination>
		</relationship>
	</object>
	<object class="GameParameter" id="{3826e057-965f-42b3-8dde-bf7d77882c07}">
		<property name="initialValue">
			<value>0</value>
		</property>
	</object>
</objects>
