<?xml version="1.0" encoding="UTF-8"?>
<objects serializationModel="Studio.02.03.00">
	<object class="ParameterPreset" id="{d660d121-95af-47ce-9d41-56feba228af0}">
		<property name="name">
			<value>Zeus</value>
		</property>
		<relationship name="folder">
			<destination>{7a3d9191-6f21-44d8-a46e-0639590d3bd2}</destination>
		</relationship>
		<relationship name="parameter">
			<destination>{f93b1a18-64e0-4460-be6d-ece7c62913e9}</destination>
		</relationship>
	</object>
	<object class="GameParameter" id="{f93b1a18-64e0-4460-be6d-ece7c62913e9}">
		<property name="parameterType">
			<value>2</value>
		</property>
		<property name="maximum">
			<value>2</value>
		</property>
		<property name="enumerationLabels">
			<value>On</value>
			<value>Off</value>
		</property>
		<property name="initialValue">
			<value>1</value>
		</property>
	</object>
</objects>
