<?xml version="1.0" encoding="UTF-8"?>
<objects serializationModel="Studio.02.03.00">
	<object class="AudioFile" id="{70f0b7ab-7e71-4bf7-a2e4-7ba0ace428be}">
		<property name="assetPath">
			<value>pasos/footsteps_player_wood_04.ogg</value>
		</property>
		<property name="frequencyInKHz">
			<value>48</value>
		</property>
		<property name="channelCount">
			<value>1</value>
		</property>
		<property name="length">
			<value>0.49181249999999999</value>
		</property>
		<relationship name="masterAssetFolder">
			<destination>{b4e60e84-7b50-4e11-9581-53d970faf7eb}</destination>
		</relationship>
	</object>
</objects>
