<?xml version="1.0" encoding="UTF-8"?>
<objects serializationModel="Studio.02.03.00">
	<object class="AudioFile" id="{c36ad18c-5e2d-4f61-bc24-85cd44047d53}">
		<property name="assetPath">
			<value>motores/1604.ogg</value>
		</property>
		<property name="frequencyInKHz">
			<value>48</value>
		</property>
		<property name="channelCount">
			<value>1</value>
		</property>
		<property name="length">
			<value>1.4155625000000001</value>
		</property>
		<relationship name="masterAssetFolder">
			<destination>{b4e60e84-7b50-4e11-9581-53d970faf7eb}</destination>
		</relationship>
	</object>
</objects>
